frame,bin,real,imag,magnitude,phase_deg
0,0,0.485462,-0.156281,0.509997,-17.84
0,1,0.083454,-0.216743,0.232255,-68.94
0,2,0.175552,-0.060574,0.185709,-19.04
0,3,0.141308,0.089153,0.167081,32.25
0,4,-0.459473,-0.195713,0.499418,-156.93
0,5,0.254326,-0.077831,0.265969,-17.02
0,6,-0.076794,-0.239140,0.251167,-107.80
0,7,0.052197,-0.134533,0.144304,-68.79
0,8,-0.482719,-0.277096,0.556597,-150.14
0,9,-0.343346,-0.423882,0.545492,-129.01
0,10,-0.317902,0.464825,0.563137,124.37
0,11,0.081776,-0.050652,0.096192,-31.77
0,12,0.045753,0.398727,0.401344,83.45
0,13,-0.043613,0.214973,0.219353,101.47
0,14,0.060699,-0.452301,0.456356,-82.36
0,15,0.431446,0.144798,0.455096,18.55
0,16,-0.142265,0.178127,0.227967,128.61
0,17,0.122665,0.010460,0.123111,4.87
0,18,-0.346279,-0.028553,0.347454,-175.29
0,19,-0.408363,0.363544,0.546741,138.32
0,20,0.000000,0.000000,0.000000,0.00
1,0,0.422897,-0.156281,0.450850,-20.28
1,1,-0.416546,-0.091621,0.426503,-167.60
1,2,0.175552,-0.060818,0.185789,-19.11
1,3,0.140820,0.120396,0.185271,40.53
1,4,0.040535,-0.195713,0.199867,-78.30
1,5,0.254311,-0.077831,0.265954,-17.02
1,6,-0.108044,-0.235233,0.258859,-114.67
1,7,0.208439,-0.134594,0.248118,-32.85
1,8,-0.482719,-0.277340,0.556718,-150.12
1,9,-0.343346,-0.422905,0.544734,-129.07
1,10,-0.335480,0.464825,0.573244,125.82
1,11,0.079823,-0.050652,0.094537,-32.40
1,12,-0.454247,0.398727,0.604420,138.72
1,13,-0.053379,0.215950,0.222449,103.88
1,14,0.060699,-0.452301,0.456356,-82.36
1,15,0.431446,0.144798,0.455096,18.55
1,16,-0.126640,0.178127,0.218557,125.41
1,17,0.107040,0.002647,0.107073,1.42
1,18,-0.315029,-0.028553,0.316320,-174.82
1,19,-0.408363,0.364521,0.547390,138.25
1,20,0.000000,0.000000,0.000000,0.00
2,0,0.485397,-0.156281,0.509935,-17.85
2,1,0.333450,-0.091774,0.345849,-15.39
2,2,0.175674,-0.060558,0.185819,-19.02
2,3,0.140820,0.120396,0.185271,40.53
2,4,-0.459465,-0.195713,0.499411,-156.93
2,5,0.254311,-0.077343,0.265812,-16.92
2,6,-0.076794,-0.235233,0.247451,-108.08
2,7,0.083439,-0.134563,0.158333,-58.20
2,8,-0.482719,-0.277096,0.556597,-150.14
2,9,-0.343346,-0.421928,0.543976,-129.14
2,10,-0.318146,0.464825,0.563275,124.39
2,11,0.081776,0.451302,0.458651,79.73
2,12,0.045753,0.398727,0.401344,83.45
2,13,-0.051426,0.214973,0.221039,103.45
2,14,0.060760,-0.453033,0.457090,-82.36
2,15,0.306446,0.146751,0.339772,25.59
2,16,-0.126640,0.428127,0.446465,106.48
2,17,0.122665,0.002647,0.122694,1.24
2,18,-0.315029,-0.028553,0.316320,-174.82
2,19,-0.408363,0.113544,0.423855,164.46
2,20,0.000000,0.000000,0.000000,0.00
3,0,-0.006790,-0.156277,0.156424,-92.49
3,1,0.333450,-0.091652,0.345817,-15.37
3,2,-0.324448,-0.060577,0.330054,-169.42
3,3,0.140820,0.120403,0.185276,40.53
3,4,-0.334473,-0.195713,0.387525,-149.67
3,5,0.254311,-0.075390,0.265250,-16.51
3,6,-0.201824,-0.239140,0.312923,-130.16
3,7,0.052197,-0.134533,0.144304,-68.79
3,8,-0.482719,0.222660,0.531597,155.24
3,9,-0.339439,-0.423882,0.543042,-128.69
3,10,-0.317902,0.464825,0.563137,124.37
3,11,0.081776,-0.048698,0.095178,-30.77
3,12,-0.462059,0.398727,0.610313,139.21
3,13,-0.059238,0.214973,0.222986,105.41
3,14,0.060669,-0.452785,0.456832,-82.37
3,15,0.181446,0.144798,0.232141,38.59
3,16,-0.126152,0.178127,0.218274,125.31
3,17,0.107040,0.002647,0.107073,1.42
3,18,-0.315029,-0.028553,0.316320,-174.82
3,19,-0.408371,0.489521,0.637493,129.84
3,20,0.000000,0.000000,0.000000,0.00
4,0,0.485462,-0.156281,0.509997,-17.84
4,1,0.083454,-0.091774,0.124045,-47.72
4,2,-0.324448,-0.060574,0.330054,-169.42
4,3,0.204296,0.089146,0.222899,23.57
4,4,-0.084473,-0.195713,0.213165,-113.35
4,5,0.254311,-0.077831,0.265954,-17.02
4,6,-0.108074,-0.235233,0.258872,-114.68
4,7,0.083439,-0.134533,0.158307,-58.19
4,8,-0.482719,-0.277096,0.556597,-150.14
4,9,-0.343346,-0.423882,0.545492,-129.01
4,10,-0.333527,0.464825,0.572103,125.66
4,11,0.079823,0.449348,0.456383,79.93
4,12,0.045509,0.398727,0.401316,83.49
4,13,-0.051426,0.217903,0.223889,103.28
4,14,0.060699,-0.452301,0.456356,-82.36
4,15,0.306446,0.144798,0.338933,25.29
4,16,-0.141777,0.178127,0.227662,128.52
4,17,0.107101,0.002647,0.107134,1.42
4,18,-0.316006,-0.027576,0.317207,-175.01
4,19,-0.408363,0.363544,0.546741,138.32
4,20,0.000000,0.000000,0.000000,0.00
5,0,0.360523,-0.160183,0.394507,-23.96
5,1,-0.166550,-0.216225,0.272932,-127.61
5,2,0.175552,-0.060577,0.185710,-19.04
5,3,0.203808,0.120396,0.236712,30.57
5,4,-0.459473,-0.195713,0.499418,-156.93
5,5,0.254311,-0.077358,0.265816,-16.92
5,6,-0.233044,-0.239140,0.333912,-134.26
5,7,0.114689,-0.134594,0.176831,-49.57
5,8,-0.482719,0.222904,0.531699,155.21
5,9,-0.327721,-0.421898,0.534227,-127.84
5,10,-0.319855,0.464825,0.564242,124.53
5,11,0.081776,0.449348,0.456729,79.69
5,12,-0.454247,0.398727,0.604420,138.72
5,13,-0.059483,0.216927,0.224934,105.33
5,14,0.029514,-0.452301,0.453263,-86.27
5,15,0.431446,0.144798,0.455096,18.55
5,16,-0.126640,0.178127,0.218557,125.41
5,17,0.107040,0.010452,0.107550,5.58
5,18,-0.315029,-0.028553,0.316320,-174.82
5,19,-0.408363,0.363544,0.546741,138.32
5,20,0.000000,0.000000,0.000000,0.00
6,0,-0.014538,-0.156277,0.156951,-95.31
6,1,0.067825,-0.091774,0.114117,-53.53
6,2,0.175556,-0.185574,0.255456,-46.59
6,3,0.140820,0.120403,0.185276,40.53
6,4,0.040535,-0.195713,0.199867,-78.30
6,5,0.285561,-0.077831,0.295977,-15.25
6,6,-0.108044,-0.235233,0.258859,-114.67
6,7,0.028751,-0.134533,0.137571,-77.94
6,8,-0.478813,0.222912,0.528159,155.04
6,9,-0.343346,-0.423851,0.545469,-129.01
6,10,-0.317902,0.462872,0.561526,124.48
6,11,0.079823,-0.048698,0.093505,-31.39
6,12,0.045753,0.398727,0.401344,83.45
6,13,-0.037754,0.215950,0.219225,99.92
6,14,0.060699,-0.452545,0.456598,-82.36
6,15,0.306446,0.144798,0.338933,25.29
6,16,-0.126640,0.178127,0.218557,125.41
6,17,0.107162,0.002647,0.107195,1.42
6,18,-0.346279,-0.028553,0.347454,-175.29
6,19,-0.408363,0.113544,0.423855,164.46
6,20,0.000000,0.000000,0.000000,0.00
7,0,-0.014542,-0.156277,0.156952,-95.32
7,1,0.333454,-0.091713,0.345837,-15.38
7,2,0.175552,-0.060574,0.185709,-19.04
7,3,0.140850,0.089146,0.166690,32.33
7,4,-0.459465,-0.195713,0.499411,-156.93
7,5,0.285561,-0.077847,0.295981,-15.25
7,6,-0.108044,-0.239140,0.262414,-114.31
7,7,0.020939,-0.134594,0.136213,-81.16
7,8,-0.482716,0.222904,0.531696,155.21
7,9,-0.343346,-0.424828,0.546228,-128.95
7,10,-0.319855,0.464825,0.564242,124.53
7,11,0.081776,-0.050652,0.096192,-31.77
7,12,-0.454247,0.398727,0.604420,138.72
7,13,-0.061192,0.214973,0.223513,105.89
7,14,0.060699,-0.452789,0.456840,-82.36
7,15,0.306446,0.146751,0.339772,25.59
7,16,-0.142265,0.428127,0.451146,108.38
7,17,0.107162,0.010460,0.107672,5.57
7,18,-0.346279,-0.028553,0.347454,-175.29
7,19,-0.408363,0.113544,0.423855,164.46
7,20,0.000000,0.000000,0.000000,0.00
8,0,0.493275,-0.160183,0.518631,-17.99
8,1,-0.385300,-0.091713,0.396065,-166.61
8,2,0.175552,-0.060574,0.185709,-19.04
8,3,0.141796,0.089146,0.167491,32.16
8,4,-0.209473,-0.195713,0.286675,-136.94
8,5,0.285561,-0.077343,0.295849,-15.15
8,6,-0.108074,-0.235233,0.258872,-114.68
8,7,0.052197,-0.134533,0.144304,-68.79
8,8,-0.482716,0.222904,0.531696,155.21
8,9,-0.343346,-0.423882,0.545492,-129.01
8,10,-0.317902,0.464825,0.563137,124.37
8,11,0.081745,-0.048698,0.095151,-30.78
8,12,0.045753,0.398727,0.401344,83.45
8,13,-0.051426,0.214973,0.221039,103.45
8,14,0.060699,-0.452785,0.456836,-82.36
8,15,0.431446,0.144798,0.455096,18.55
8,16,-0.126213,0.177883,0.218110,125.36
8,17,0.122665,0.002647,0.122694,1.24
8,18,-0.315029,-0.028553,0.316320,-174.82
8,19,-0.408363,0.363544,0.546741,138.32
8,20,0.000000,0.000000,0.000000,0.00
9,0,0.485397,-0.156277,0.509934,-17.85
9,1,0.317829,-0.091774,0.330814,-16.11
9,2,-0.324448,-0.060574,0.330054,-169.42
9,3,0.204784,0.120396,0.237554,30.45
9,4,0.040535,-0.195713,0.199867,-78.30
9,5,0.254311,-0.077831,0.265954,-17.02
9,6,-0.233044,-0.239140,0.333912,-134.26
9,7,0.052189,-0.134533,0.144301,-68.80
9,8,-0.482716,-0.277096,0.556594,-150.14
9,9,-0.343346,-0.423882,0.545492,-129.01
9,10,-0.317902,0.462872,0.561526,124.48
9,11,0.081776,0.449348,0.456729,79.69
9,12,-0.454247,0.398727,0.604420,138.72
9,13,-0.051426,0.214973,0.221039,103.45
9,14,0.060699,-0.452297,0.456352,-82.36
9,15,0.306446,0.146751,0.339772,25.59
9,16,-0.126640,0.185940,0.224970,124.26
9,17,0.107040,0.002647,0.107073,1.42
9,18,-0.346279,-0.028553,0.347454,-175.29
9,19,-0.408371,0.114521,0.424125,164.33
9,20,0.000000,0.000000,0.000000,0.00
10,0,0.485458,-0.156281,0.509994,-17.84
10,1,0.083454,-0.091743,0.124022,-47.71
10,2,-0.324448,-0.060574,0.330054,-169.42
10,3,0.204784,0.120403,0.237558,30.45
10,4,0.165535,-0.195713,0.256331,-49.78
10,5,0.254311,-0.077343,0.265812,-16.92
10,6,-0.108074,-0.235233,0.258872,-114.68
10,7,0.028759,-0.134533,0.137572,-77.93
10,8,-0.482719,0.222660,0.531597,155.24
10,9,-0.339439,-0.424828,0.543781,-128.63
10,10,-0.317902,0.464825,0.563137,124.37
10,11,0.081776,-0.050652,0.096192,-31.77
10,12,-0.454247,0.398727,0.604420,138.72
10,13,-0.043858,0.215950,0.220359,101.48
10,14,0.029938,-0.452789,0.453778,-86.22
10,15,0.431446,0.146751,0.455721,18.79
10,16,-0.126640,0.178127,0.218557,125.41
10,17,0.107040,0.127647,0.166588,50.02
10,18,-0.315029,-0.028553,0.316320,-174.82
10,19,-0.408363,0.113544,0.423855,164.46
10,20,0.000000,0.000000,0.000000,0.00
11,0,-0.014542,-0.156277,0.156952,-95.32
11,1,0.333450,-0.091682,0.345825,-15.37
11,2,0.175674,-0.185574,0.255537,-46.57
11,3,0.204296,0.120396,0.237133,30.51
11,4,-0.459465,-0.195713,0.499411,-156.93
11,5,0.254311,-0.077831,0.265954,-17.02
11,6,-0.108044,-0.235233,0.258859,-114.67
11,7,0.114697,-0.134533,0.176789,-49.55
11,8,-0.482716,0.222904,0.531696,155.21
11,9,-0.343346,-0.423882,0.545492,-129.01
11,10,-0.333527,0.462872,0.570517,125.78
11,11,0.081776,0.451302,0.458651,79.73
11,12,-0.454247,0.390915,0.599295,139.29
11,13,-0.059238,0.214973,0.222986,105.41
11,14,0.060699,-0.452545,0.456598,-82.36
11,15,0.431446,0.144798,0.455096,18.55
11,16,-0.126640,0.178127,0.218557,125.41
11,17,0.122787,0.002640,0.122816,1.23
11,18,-0.346279,-0.027576,0.347375,-175.45
11,19,-0.408363,0.113544,0.423855,164.46
11,20,0.000000,0.000000,0.000000,0.00
12,0,0.485397,-0.160183,0.511145,-18.26
12,1,0.333454,-0.091774,0.345853,-15.39
12,2,0.175552,-0.060574,0.185709,-19.04
12,3,0.140820,0.120396,0.185271,40.53
12,4,-0.459465,-0.195713,0.499411,-156.93
12,5,0.254311,-0.077343,0.265812,-16.92
12,6,-0.108044,-0.239140,0.262414,-114.31
12,7,0.052189,-0.134594,0.144358,-68.81
12,8,-0.482719,0.222660,0.531597,155.24
12,9,-0.343346,-0.422874,0.544710,-129.07
12,10,-0.313995,0.464825,0.560941,124.04
12,11,0.081776,-0.050652,0.096192,-31.77
12,12,0.037956,0.390915,0.392753,84.45
12,13,-0.051670,0.216927,0.222995,103.40
12,14,0.029449,-0.452297,0.453255,-86.27
12,15,0.431446,0.146751,0.455721,18.79
12,16,-0.126152,0.178127,0.218274,125.31
12,17,0.107040,0.127647,0.166588,50.02
12,18,-0.346279,-0.028553,0.347454,-175.29
12,19,-0.408371,0.113544,0.423862,164.46
12,20,0.000000,0.000000,0.000000,0.00
13,0,-0.077103,-0.156281,0.174265,-116.26
13,1,0.083450,0.470787,0.478126,79.95
13,2,-0.324448,-0.060802,0.330096,-169.39
13,3,0.203320,0.089146,0.222004,23.68
13,4,-0.459465,-0.195713,0.499411,-156.93
13,5,0.285561,-0.077358,0.295853,-15.16
13,6,-0.233074,-0.239140,0.333933,-134.26
13,7,0.060001,-0.134533,0.147307,-65.96
13,8,-0.482716,0.222904,0.531696,155.21
13,9,-0.323814,-0.422874,0.532615,-127.44
13,10,-0.317902,0.464825,0.563137,124.37
13,11,0.081776,0.449348,0.456729,79.69
13,12,0.037941,0.398727,0.400528,84.56
13,13,-0.053623,0.217903,0.224404,103.83
13,14,0.060703,-0.452789,0.456840,-82.36
13,15,0.400196,0.144798,0.425586,19.89
13,16,-0.126640,0.177883,0.218358,125.45
13,17,0.122665,0.010460,0.123111,4.87
13,18,-0.346279,-0.028553,0.347454,-175.29
13,19,-0.408363,0.113544,0.423855,164.46
13,20,0.000000,0.000000,0.000000,0.00
14,0,0.485584,-0.160187,0.511324,-18.26
14,1,0.333454,-0.091743,0.345845,-15.38
14,2,0.175552,-0.060574,0.185709,-19.04
14,3,0.140820,0.120396,0.185271,40.53
14,4,0.165535,-0.195713,0.256331,-49.78
14,5,0.254311,-0.077343,0.265812,-16.92
14,6,-0.233044,-0.239140,0.333912,-134.26
14,7,0.020939,-0.134533,0.136153,-81.15
14,8,-0.478813,0.222904,0.528156,155.04
14,9,-0.343346,-0.424858,0.546251,-128.94
14,10,-0.317902,0.464825,0.563137,124.37
14,11,0.081776,-0.048698,0.095178,-30.77
14,12,0.035988,0.398727,0.400348,84.84
14,13,-0.053379,0.216927,0.223398,103.82
14,14,0.030426,-0.452789,0.453810,-86.16
14,15,0.306446,0.144798,0.338933,25.29
14,16,-0.126640,0.177883,0.218358,125.45
14,17,0.122787,0.127647,0.177118,46.11
14,18,-0.315029,-0.028553,0.316320,-174.82
14,19,-0.408371,0.489521,0.637493,129.84
14,20,0.000000,0.000000,0.000000,0.00
